{"options":{"check_for_updates":true,"comment":null,"compat_foreach":false,"compat_metadata":false,"compat_powerful_this":null,"compat_prototypes":false,"compat_wrappedjsobject":false,"compatopts_for_requires":true,"noframes":null,"override":{"merge_connects":true,"merge_excludes":true,"merge_includes":true,"merge_matches":true,"orig_connects":[],"orig_excludes":["*://login.taobao.com/*","*://login.tmall.com/*","*://uland.taobao.com/*","*://pages.tmall.com/*","*://wq.jd.com/*"],"orig_includes":[],"orig_matches":["*://*.taobao.com/*","*://*.tmall.com/*","*://chaoshi.detail.tmall.com/*","*://*.tmall.hk/*","*://*.liangxinyao.com/*","*://*.jd.com/*","*://*.jd.hk/*","*://*.yiyaojd.com/*","*://*.vip.com/*","*://*.vipglobal.hk/*"],"orig_noframes":null,"orig_run_at":"document-idle","use_blockers":[],"use_connects":[],"use_excludes":[],"use_includes":[],"use_matches":[]},"run_at":null,"tab_types":null,"unwrap":null},"settings":{"enabled":true,"position":8},"meta":{"name":"!\u0011 超简洁的网购省钱小助手，自动显示京东、淘宝、聚划算、天猫隐藏优惠券与历史价格。简洁无广告，一目了然，让您告别虚假降价。持续维护中...","uuid":"29936f09-ac9c-4856-8453-d0aa55fc1ad6","modified":1660478414586,"file_url":"https://greasyfork.org/scripts/418355-%E8%B6%85%E7%AE%80%E6%B4%81%E7%9A%84%E7%BD%91%E8%B4%AD%E7%9C%81%E9%92%B1%E5%B0%8F%E5%8A%A9%E6%89%8B-%E8%87%AA%E5%8A%A8%E6%98%BE%E7%A4%BA%E4%BA%AC%E4%B8%9C-%E6%B7%98%E5%AE%9D-%E8%81%9A%E5%88%92%E7%AE%97-%E5%A4%A9%E7%8C%AB%E9%9A%90%E8%97%8F%E4%BC%98%E6%83%A0%E5%88%B8%E4%B8%8E%E5%8E%86%E5%8F%B2%E4%BB%B7%E6%A0%BC-%E7%AE%80%E6%B4%81%E6%97%A0%E5%B9%BF%E5%91%8A-%E4%B8%80%E7%9B%AE%E4%BA%86%E7%84%B6-%E8%AE%A9%E6%82%A8%E5%91%8A%E5%88%AB%E8%99%9A%E5%81%87%E9%99%8D%E4%BB%B7-%E6%8C%81%E7%BB%AD%E7%BB%B4%E6%8A%A4%E4%B8%AD/code/!%11%20%E8%B6%85%E7%AE%80%E6%B4%81%E7%9A%84%E7%BD%91%E8%B4%AD%E7%9C%81%E9%92%B1%E5%B0%8F%E5%8A%A9%E6%89%8B%EF%BC%8C%E8%87%AA%E5%8A%A8%E6%98%BE%E7%A4%BA%E4%BA%AC%E4%B8%9C%E3%80%81%E6%B7%98%E5%AE%9D%E3%80%81%E8%81%9A%E5%88%92%E7%AE%97%E3%80%81%E5%A4%A9%E7%8C%AB%E9%9A%90%E8%97%8F%E4%BC%98%E6%83%A0%E5%88%B8%E4%B8%8E%E5%8E%86%E5%8F%B2%E4%BB%B7%E6%A0%BC%E3%80%82%E7%AE%80%E6%B4%81%E6%97%A0%E5%B9%BF%E5%91%8A%EF%BC%8C%E4%B8%80%E7%9B%AE%E4%BA%86%E7%84%B6%EF%BC%8C%E8%AE%A9%E6%82%A8%E5%91%8A%E5%88%AB%E8%99%9A%E5%81%87%E9%99%8D%E4%BB%B7%E3%80%82%E6%8C%81%E7%BB%AD%E7%BB%B4%E6%8A%A4%E4%B8%AD.user.js"}}