{"options":{"check_for_updates":true,"comment":null,"compat_foreach":false,"compat_metadata":false,"compat_powerful_this":null,"compat_prototypes":false,"compat_wrappedjsobject":false,"compatopts_for_requires":true,"noframes":null,"override":{"merge_connects":true,"merge_excludes":true,"merge_includes":true,"merge_matches":true,"orig_connects":["baidu.com","google.com","google.com.hk","google.com.jp","bing.com","duckduckgo.com","dogedoge.com","so.com"],"orig_excludes":["*://*.google*/sorry*","https://zhidao.baidu.com/*","https://*.zhidao.baidu.com/*","https://www.baidu.com/img/*"],"orig_includes":["*://ipv6.baidu.com/*","*://www.baidu.com/*","*://www1.baidu.com/*","*://m.baidu.com/*","*://xueshu.baidu.com/s*","*://www.so.com/s?*","*://*.bing.com/*","*://encrypted.google.*/search*","*://*.google*/search*","*://*.google*/webhp*","*://*.zhihu.com/*","*://*duckduckgo.com/*","*://*.dogedoge.com/*"],"orig_matches":[],"orig_noframes":null,"orig_run_at":"document-body","use_blockers":[],"use_connects":[],"use_excludes":[],"use_includes":[],"use_matches":[]},"run_at":null,"tab_types":null,"unwrap":null},"settings":{"enabled":true,"position":12},"meta":{"name":"AC-baidu-重定向优化百度搜狗谷歌必应搜索_favicon_双列","uuid":"31c762e3-c43e-4f32-a1d5-d13e0782b165","modified":1660542736443,"file_url":"https://greasyfork.org/scripts/14178-ac-baidu-%E9%87%8D%E5%AE%9A%E5%90%91%E4%BC%98%E5%8C%96%E7%99%BE%E5%BA%A6%E6%90%9C%E7%8B%97%E8%B0%B7%E6%AD%8C%E5%BF%85%E5%BA%94%E6%90%9C%E7%B4%A2-favicon-%E5%8F%8C%E5%88%97/code/AC-baidu-%E9%87%8D%E5%AE%9A%E5%90%91%E4%BC%98%E5%8C%96%E7%99%BE%E5%BA%A6%E6%90%9C%E7%8B%97%E8%B0%B7%E6%AD%8C%E5%BF%85%E5%BA%94%E6%90%9C%E7%B4%A2_favicon_%E5%8F%8C%E5%88%97.user.js"}}