{"options":{"check_for_updates":true,"comment":null,"compat_foreach":false,"compat_metadata":false,"compat_powerful_this":null,"compat_prototypes":false,"compat_wrappedjsobject":false,"compatopts_for_requires":true,"noframes":null,"override":{"merge_connects":true,"merge_excludes":true,"merge_includes":true,"merge_matches":true,"orig_connects":["pics.dmm.co.jp","jp.netcdn.space"],"orig_excludes":["*://*.javlibrary.com/*/login.php","*://*.javlibrary.com/login.php"],"orig_includes":[],"orig_matches":["*://*.javlibrary.com/*","*://onejav.com/*","*://*.141jav.com/*","*://*.jav321.com/*","*://*.javbus.com/*","*://hpjav.tv/*","*://hpav.tv/*","*://*.jav321.com/*","*://jable.tv/*","*://javdb.com/*","*://freejavbt.com/*","*://avmoo.click/*"],"orig_noframes":null,"orig_run_at":"document-idle","use_blockers":[],"use_connects":[],"use_excludes":[],"use_includes":[],"use_matches":[]},"run_at":null,"tab_types":null,"unwrap":null},"settings":{"enabled":false,"position":14},"meta":{"name":"OneJAVOneWeb","uuid":"52fb09e5-3edb-471d-8a84-0103a1074179","modified":1660543517035,"file_url":"https://sleazyfork.org/scripts/428639-onejavoneweb/code/OneJAVOneWeb.user.js"}}