{"options":{"check_for_updates":true,"comment":null,"compat_foreach":false,"compat_metadata":false,"compat_powerful_this":null,"compat_prototypes":false,"compat_wrappedjsobject":false,"compatopts_for_requires":true,"noframes":null,"override":{"merge_connects":true,"merge_excludes":true,"merge_includes":true,"merge_matches":true,"orig_connects":[],"orig_excludes":[],"orig_includes":[],"orig_matches":["*://*.docin.com/p-*","*://ishare.iask.sina.com.cn/f/*","*://ishare.iask.com/f/*","*://www.deliwenku.com/p-*","*://www.doc88.com/p-*","*://www.360doc.com/content/*","*://wenku.baidu.com/view/*","*://wenku.baidu.com/tfview/*","*://doc.mbalib.com/view/*","*://www.dugen.com/p-*","*://max.book118.com/html/*","*://view-cache.book118.com/pptView.html?*","*://*.book118.com/?readpage=*","https://greasyfork.org/zh-CN/scripts/435884-wenku-doc-downloader/feedback*"],"orig_noframes":null,"orig_run_at":"document-idle","use_blockers":[],"use_connects":[],"use_excludes":[],"use_includes":[],"use_matches":[]},"run_at":null,"tab_types":null,"unwrap":null},"settings":{"enabled":true,"position":11},"meta":{"name":"Wenku Doc Downloader","uuid":"0c7ed481-7cc0-4079-96b1-0532719599d7","modified":1660478854412,"file_url":"https://greasyfork.org/scripts/435884-wenku-doc-downloader/code/Wenku%20Doc%20Downloader.user.js"}}